Country,2007,2008,2009,2010,2011,2012,2013,2014,2015,2016,2017,2018,2019,2020,2021,2022,2023
Algeria,6.597717279,9.616348354,-5.807077979,-0.03846871,-0.104373158,-4.434618991,-0.399960355,-7.300076617,-15.2770909,-13.13229887,-6.438593515,-7.866300282,-4.64723925,-3.168629393,-2.062887352,-0.000597825,-0.019575542
Angola,4.655572383,-4.454537969,-7.3549425,3.447281129,8.676829536,4.643583382,-0.332480216,-6.57715989,-3.30306804,-4.794559151,-5.579828999,-1.667810773,-2.166735102,-2.445124036,-2.580967626,-2.287395368,-2.037691567
Argentina,-0.10798962,0.23296026,-2.601179432,-1.441555399,-2.744693904,-3.017153372,-3.252804029,-4.251477149,-5.787216151,-6.357285637,-6.456981898,-5.500353698,-4.879333304,-3.99293538,-4.157184336,-4.562365157,-4.77230564
Armenia,,,,,,,,,,,,,,,,,
Australia,1.480025197,-1.103113868,-4.553089958,-5.10134173,-4.444770737,-3.431919016,-2.767660053,-2.878131918,-2.783415792,-2.644769163,-2.182348604,-1.714612593,-1.055991975,-0.127803752,0.218392282,0.218462886,0.219377574
Austria,-1.382364614,-1.521402197,-5.355728762,-4.453403655,-2.5771333,-2.211242323,-1.361278527,-2.716891659,-1.063388189,-1.536950933,-0.841625736,-0.31247532,-0.163942578,-0.186836012,-0.246800096,-0.35060812,-0.536584079
Azerbaijan,2.33710871,17.19381939,5.852890415,13.83124453,10.85964091,3.705480028,1.643475099,2.742339379,-4.811869847,-1.170105074,0.907964074,2.35687017,2.14505121,1.81467908,0.602250786,-0.619604279,-1.568303804
Bahrain,,,,,,,,,,,,,,,,,
Bangladesh,-2.232744899,-4.030652684,-3.210027688,-2.675356067,-3.589160486,-2.978395739,-3.380968216,-3.076787055,-3.974927541,-3.361314568,-3.339583242,-4.131719334,-4.569861859,-4.260368031,-4.233672896,-4.284216094,-4.140889434
Belarus,-8.086999839,-11.27461872,-7.231963268,-4.186628048,-2.805920045,0.359824811,-0.981959041,0.092110405,-2.194000882,-3.361061342,-1.717903105,-2.392824339,-3.004626148,-1.222740653,-0.876039772,-0.625659803,-0.497945491
Belgium,0.069043143,-1.100077387,-5.379880211,-3.997261024,-4.12574814,-4.226580645,-3.137576751,-3.056299464,-2.471761736,-2.489552013,-1.113592334,-1.306724714,-1.348547837,-1.268641902,-1.25452316,-1.288574975,-1.272582893
Benin,0.303433637,-0.055905486,-3.062729677,-0.376593279,-1.341132735,-0.294603892,-1.865515016,-2.255749547,-7.623926601,-5.909595625,-5.755096254,-4.676753604,-1.999981746,-0.723276326,-0.155906712,0.649053426,1.223313021
Bolivia,1.740780407,3.569484155,0.014122068,1.665902006,0.831387469,1.756819956,0.656366485,-3.363624188,-6.903827785,-6.622378336,-7.310143766,-6.162409347,-5.479050743,-5.082539036,-4.813273555,-4.364907724,-4.094118855
Brazil,-2.739237232,-1.534243147,-3.190499896,-2.728616513,-2.467117454,-2.519515769,-2.955534387,-5.354541835,-10.32871408,-9.010492566,-7.819471493,-8.333531238,-8.293164042,-7.89248283,-7.59322125,-6.994643589,-6.555912834
Brunei Darussalam,,,,,,,,,,,,,,,,,
Bulgaria,,,,,,,,,,,,,,,,,
Burkina Faso,-5.640279722,-4.079640482,-4.679250592,-4.564419077,-2.294329956,-3.108656768,-3.99008453,-1.954460583,-2.372059277,-3.496476221,-8.209294814,-5.0499,-3.04,-3.04,-3.04,-3.04,-3.04
Cambodia,0.726747535,0.503094496,-4.052491838,-2.848250368,-4.076034002,-3.796885733,-2.140294521,-1.13298383,-1.576037805,-1.688637029,-3.622794662,-4.831173951,-4.667388621,-4.278466545,-4.209922596,-4.033057213,-3.898338833
Cameroon,4.264976569,1.970975568,-0.043528538,-0.980051223,-2.354505362,-1.446431669,-3.705266412,-4.170661262,-4.421641287,-6.166331737,-4.287368589,-2.162393868,-1.814713623,-1.625438389,-1.439981279,-1.424005117,-1.437897342
Canada,1.824430644,0.184884595,-3.891180421,-4.748726032,-3.316475707,-2.530601138,-1.498420843,0.175009032,-0.129679971,-1.09687714,-0.97039025,-0.836122986,-0.77197068,-0.706765221,-0.681910214,-0.697700233,-0.702560229
Chad,2.524757568,3.614315932,-9.203228787,-4.151880108,2.390733779,0.473324109,-2.064918247,-4.181704646,-4.38068964,-1.956338932,-0.878047096,0.940177539,-0.10802261,0.6479902,0.567027078,1.428789857,1.634883528
Chile,7.913044065,3.933594577,-4.24086116,-0.360718615,1.421499746,0.680984643,-0.469566029,-1.489933993,-2.075897171,-2.650745511,-2.717779388,-0.932666841,-0.569482522,-0.380922135,-0.034505666,-0.025079355,-0.006201043
"China, People's Republic of",0.058678836,-0.024628844,-1.73963441,-0.360037103,-0.097708506,-0.30062817,-0.831859119,-0.90773583,-2.786319115,-3.703716448,-3.953149079,-4.145403913,-4.270381882,-4.272159673,-4.330580179,-4.362961621,-4.330464168
Colombia,-0.847212143,-0.252882632,-2.794240089,-3.29785496,-1.990169339,0.081066293,-0.859670988,-1.770371811,-3.412385274,-2.952363802,-3.096328135,-2.69310868,-1.904781118,-0.858497873,-0.740776651,-0.658391012,-0.787930408
"Congo, Dem. Rep. of the",0.561380448,-0.409102195,1.03093903,-0.903990629,-0.945710859,1.967170682,1.952343069,0.110567742,-0.246608706,-1.010351579,-2.546264639,0.066739875,0.060724392,0.087390596,0.021276403,0.003245289,0.003059682
"Congo, Republic of ",10.60058458,27.24740503,4.931855543,15.53813492,15.39286638,7.47576662,-4.965160417,-16.70349937,-27.24820583,-22.55216214,-7.201328364,3.853143262,5.005763347,4.093869708,2.027445941,2.103999128,0.704461761
Croatia,-2.445060145,-2.762385493,-5.995782044,-6.174698429,-7.827369166,-5.302998253,-5.264595291,-5.350912412,-3.347179118,-0.851559546,0.604261676,-0.524461285,-0.340913562,0.197964155,0.378060409,0.555226833,0.713409236
Cyprus,3.228109046,0.866028633,-5.43390366,-4.723413957,-5.68654084,-5.55216345,-3.278833115,-0.23173918,-0.189941552,0.454683405,1.911238043,2.005366121,2.006696184,1.846854288,1.81613949,1.603801397,1.692180434
Czech Republic,-0.653521755,-1.97968896,-5.450094379,-4.189741535,-2.72440939,-3.929937398,-1.247618425,-1.925523015,-0.630164653,0.73314981,1.303802312,1.124593542,0.99454162,0.5,0.5,0.5,0.5
C“te d'Ivoire,-0.537024044,-0.290098488,-1.384334415,-1.847965786,-3.993625212,-3.146751738,-2.240588738,-2.167798229,-2.822816222,-3.886238589,-4.265229798,-3.748185842,-3.031287757,-2.873493929,-2.902734876,-2.684317762,-2.630499865
Denmark,5.020456096,3.173907975,-2.798141618,-2.710215658,-2.055766184,-3.490444865,-1.235647209,1.144427647,-1.471011179,-0.408768409,-0.092530603,-0.819788964,-0.512219084,-0.339500616,-0.010732449,0.177088717,0.405209359
Dominican Republic,0.105153081,-3.249804156,-3.016830321,-2.730296033,-3.053567762,-6.565115814,-3.511388036,-2.975802254,-0.194688743,-2.814955817,-3.361866448,-2.998833283,-3.202766517,-3.231940159,-3.427467288,-3.65365901,-3.741922648
Ecuador,2.597920152,0.56232864,-3.569994934,-1.357407946,-0.126728357,-0.937175392,-4.570096766,-5.223922392,-5.263861361,-8.342016582,-5.349755005,-4.987508179,-3.690902582,-2.851252833,-2.752170394,-1.808318252,-1.598937984
Egypt,-4.898811489,-6.049311935,-6.195440023,-7.446819593,-9.600046002,-10.00495133,-12.92682219,-11.28648436,-10.93400723,-10.70411758,-11.36935844,-9.970727258,-6.621916436,-5.732615907,-3.421026511,-3.321413017,-3.178693992
Equatorial Guinea,,,,,,,,,,,,,,,,,
Estonia,2.71845821,-2.666393305,-2.181797481,0.187207172,1.157947009,-0.257275253,-0.170317408,0.67765785,0.069966585,-0.290306657,-0.134320231,-0.350430295,-0.181419794,-0.024591815,0.036060527,-0.008320229,-0.046921447
Ethiopia,-3.567435102,-2.882350064,-0.932116785,-1.320751331,-1.607127794,-1.171938787,-1.930531162,-2.582328858,-1.947067005,-2.340485188,-3.349121855,-2.455127325,-2.443068804,-2.292517919,-2.19661388,-2.125585256,-2.698606122
Finland,5.128521202,4.183551786,-2.527771793,-2.609834313,-1.044349288,-2.183259674,-2.613874436,-3.210625189,-2.723707563,-1.751377605,-1.386962133,-1.399016044,-0.861922216,-0.203189005,-0.118048207,-0.067025978,-0.079280246
France,-2.543701142,-3.183240223,-7.162288933,-6.794910735,-5.096965741,-4.813196807,-4.036201765,-3.928648092,-3.586111474,-3.406230189,-2.591721578,-2.425673354,-3.052958132,-1.959178479,-1.487425409,-0.973147292,-0.312020488
Gabon,,,,,,,,,,,,,,,,,
Georgia,,,,,,,,,,,,,,,,,
Germany,0.187249078,-0.17687197,-3.234997643,-4.220987109,-0.956783273,-0.033680654,-0.140363168,0.325152516,0.637294038,0.816590067,1.121363017,1.458816051,1.657878891,1.644048455,1.522700943,1.489812996,1.413072943
Ghana,-7.235665084,-8.003455908,-7.19941742,-10.06093893,-7.448790726,-11.29004623,-12.00367329,-10.93701569,-5.369974209,-8.851582698,-5.013225391,-5.042684667,-3.641332928,-3.479273728,-3.783278347,-3.728678857,-0.142243817
Greece,-6.707062893,-10.17604033,-15.14141133,-11.19713668,-10.27875322,-6.581975272,-3.626822545,-3.990797958,-2.868778075,0.521242946,0.033183815,-0.092530328,0.038257172,0.075577859,0.168538881,-0.122616298,-2.37025165
Guinea,1.263189428,0.374173012,-4.892582486,-9.649882794,-0.93571808,-2.510442501,-3.873610394,-3.20727301,-6.912974312,-0.149611585,-0.314012228,-2.128672754,-1.963045753,-1.696983032,-1.63321676,-1.901836852,-1.97967692
Haiti,-2.544764415,-2.969062041,-3.513593014,-2.736848152,-2.513157258,-4.757162906,-7.166954928,-6.370011546,-2.472670614,-0.081712423,-0.969578415,-2.467189246,-1.350792181,-1.2843314,-1.014368392,-0.78611528,-0.609388077
Honduras,-0.253748057,-0.266666666,-4.8648519,-3.371280219,-2.942645813,-3.483095592,-5.729798638,-2.89690526,-0.781103247,-0.398717382,-0.084713159,-0.793837011,-0.964948659,-0.993686037,-0.976686807,-0.989553521,-0.584179567
Hong Kong SAR,7.336117141,0.086453193,1.53153031,4.136219408,3.769995604,3.142969739,1.007556718,3.592105206,0.594780128,4.387645373,5.098555331,2.686287676,1.726716576,1.713461886,1.279020468,1.279020468,1.180631567
Hungary,-5.036122363,-3.618192937,-4.559973728,-4.495008356,-5.433892842,-2.301106728,-2.546748567,-2.063638079,-1.53672343,-1.826206779,-2.049735177,-2.074351406,-1.856172466,-1.860772139,-2.129160222,-2.262847054,-2.332764199
Iceland,4.911221633,-13.02996742,-9.63696349,-9.720497963,-5.563259703,-3.717715211,-1.831832907,-0.074039393,-0.812438479,12.61797438,1.645590299,1.233921664,1.130333415,1.221400883,1.300289408,1.154604132,1.115392248
India,-4.505137454,-8.982172837,-9.534028834,-8.625845182,-8.349151646,-7.549559685,-6.999618196,-7.165535019,-7.028615218,-6.65271715,-6.917395235,-6.542397258,-6.519473706,-6.391901866,-6.206244605,-6.046132478,-5.912424951
Indonesia,-0.947178171,0.054113001,-1.644115315,-1.242195971,-0.702931864,-1.586458811,-2.21677129,-2.145667473,-2.603505797,-2.485262797,-2.489867954,-2.502426524,-2.476555081,-2.493155422,-2.497524657,-2.509686653,-2.487963134
Iran,6.46764793,0.587707068,0.799211136,2.647304553,0.607006604,-0.321981057,-0.897657454,-1.139558466,-1.76307774,-2.268359862,-2.331852862,-1.380932638,-2.711023357,-2.734573585,-2.840924196,-2.92774955,-3.01660274
Iraq,,,,,,,,,,,,,,,,,
Ireland,0.288703799,-6.996736219,-13.79497428,-32.05503733,-12.73432363,-8.044536675,-6.121489876,-3.655175965,-1.899148357,-0.693150267,-0.445819391,-0.183771247,-0.098450215,0.174726392,0.566275123,0.812120302,0.953696898
Israel,-0.680429827,-2.769617058,-5.662821494,-3.679840131,-2.930809242,-4.791474495,-4.137979961,-3.347318578,-2.10686731,-2.111214706,-2.164679352,-3.155698391,-3.293027813,-3.358487833,-3.368487833,-3.358487833,-3.358487833
Italy,-1.526574803,-2.691906146,-5.269385165,-4.245584644,-3.7119052,-2.926735533,-2.949831734,-2.985889996,-2.575723562,-2.477053141,-1.933530237,-1.561409341,-0.894166117,-0.251939046,-0.000252629,-0.02960884,-0.027319553
Japan,-3.210396016,-4.530917735,-10.1924613,-9.534431529,-9.441373001,-8.613189181,-7.910518714,-5.635755389,-3.802564618,-3.663489868,-4.229318414,-3.449476429,-2.827984634,-2.231105004,-2.08070265,-1.986982546,-1.960323608
Jordan,,,,,,,,,,,,,,,,,
Kazakhstan,5.134713636,1.227136613,-1.328048731,1.469692441,5.811035816,4.430881642,4.945693539,2.481888534,-6.255848588,-5.492702388,-6.327748388,-2.293061488,-2.166427263,-1.776775011,-1.985434012,-1.667817834,-1.436335518
Kenya,-2.417758137,-3.379314233,-4.340435857,-4.411461707,-4.116999259,-5.031750353,-5.69640487,-7.390556211,-8.119527295,-8.310203343,-8.455274254,-7.485086462,-6.171534933,-5.344180874,-4.754081317,-4.38702571,-4.159690922
"Korea, Republic of",2.167261438,1.522778069,0.017665245,1.53322282,1.690810127,1.557831296,0.649877918,0.417619005,0.55296131,1.749825091,1.935694297,2.046439134,1.920529158,1.824417618,1.817413362,1.849904366,1.881197738
Kuwait,37.41128408,20.16517721,27.51346661,25.96242182,33.28149048,32.42760036,34.11378068,22.36244269,5.592903644,0.62666148,3.961911951,7.06646758,6.162248504,4.26437714,2.543777811,1.883431381,1.308545111
Kyrgyz Republic,-0.958708347,0.501181429,-1.453529872,-5.939050645,-4.70518576,-5.862490902,-3.699661158,0.542330454,-1.162237179,-4.562401803,-3.343828287,-2.537525482,-2.497718929,-2.302666592,-2.09904749,-1.895595905,-1.90334157
Lao P.D.R.,-2.396453564,-1.259261353,-3.620257404,-2.880761172,-1.55657181,-0.451212647,-4.971561575,-4.052212963,-2.362578913,-4.72392048,-4.920174542,-4.34684612,-4.154944155,-4.283814477,-4.669036463,-4.984715593,-5.02263224
Latvia,0.596710913,-3.151369639,-7.004953603,-6.480485596,-3.18724416,0.175330069,-0.559972649,-1.682189979,-1.535751451,-0.402010937,-0.024759874,-0.513721959,-0.869657893,-0.397742767,-0.228768957,-0.194571455,-0.163867951
Libya,28.58098021,32.50206406,-6.53411762,12.53399402,-17.23662631,28.55622233,-5.108009164,-73.80065434,-130.9598671,-113.3252243,-43.24718575,-39.31712104,-35.49806404,-38.01602888,-40.02343851,-41.97181578,-42.64227598
Lithuania,-0.998290802,-3.265734502,-9.328661786,-6.900738721,-8.943361864,-3.14688258,-2.620603165,-0.664511789,-0.207338611,0.260678644,0.597159973,0.706418967,0.849894203,0.902785239,0.729451455,0.677980518,0.639720323
Luxembourg,4.153700083,3.322702643,-0.672048463,-0.654590346,0.514542009,0.34775039,0.978937363,1.345791102,1.384786351,1.635515341,1.400207155,0.757210863,0.203135637,0.464760521,0.38550763,0.276829245,0.187094349
Madagascar,-2.678941471,-1.96341009,-2.543386123,-0.869492296,-2.385817868,-2.611666682,-3.98775464,-2.300421679,-3.311727293,-1.309899402,-3.483201144,-2.957644782,-5.091676094,-5.403747215,-4.702359326,-4.03529245,-2.153001988
Malaysia,-2.607520418,-3.453181409,-6.520155303,-4.526523438,-3.61830619,-3.755292481,-4.054742959,-2.665809916,-2.588131351,-2.612897917,-2.909623617,-2.664302773,-2.486149614,-2.331068238,-2.134665695,-1.941052453,-1.739093948
Mali,-2.784249125,-1.986501682,-3.720478211,-2.567534579,-3.416808715,-0.956306003,-2.370772122,-2.878007454,-1.821603076,-3.940451757,-2.869101619,-3.29673316,-3.001506056,-3.004947736,-3.043791319,-3.023754742,-2.987295518
Malta,-2.146771055,-4.181979243,-3.238511308,-2.392602963,-2.408473968,-3.490663,-2.431146414,-1.761281844,-1.092764689,1.107762531,1.876204616,1.568369011,1.10682478,0.728645831,0.560427384,0.468765786,0.465990638
Mexico,-1.13984538,-0.812365541,-4.92861011,-3.889904116,-3.367380111,-3.726331964,-3.70705461,-4.537971726,-4.002863107,-2.769349978,-1.074398956,-2.5,-2.5,-2.5,-2.5,-2.5,-2.5
Moldova,0.148232521,-0.870607993,-6.382820742,-2.614293258,-2.458438354,-2.308285138,-1.861398102,-1.888182041,-2.310408489,-2.094828351,-0.96534145,-3.18020928,-3.796262088,-3.630485785,-2.847606665,-2.758289975,-2.761380568
Mongolia,2.080895036,-3.135969306,-3.987375334,0.425427463,-4.013807877,-9.090202612,-8.89202712,-11.27779717,-8.529784766,-16.98155112,-1.934653504,-5.263855143,-4.244167783,-2.049811198,-0.936481496,-0.834362648,-0.69264711
Morocco,-0.125774634,0.677363559,-1.763163193,-4.255551826,-6.574812121,-7.176977665,-5.088298217,-4.848407566,-4.17021703,-4.088969894,-3.557432975,-2.986814729,-2.848325868,-2.694101573,-2.380047646,-2.172790539,-2.123633024
Mozambique,-2.52875224,-2.129999954,-4.884976941,-3.825152843,-4.827321334,-3.873215687,-2.742732963,-10.71861023,-7.17942856,-6.240430143,-5.470411044,-7.524208382,-10.84991836,-9.890098776,-9.623588762,-10.63269971,-9.94779191
Myanmar,-3.104867167,-2.132644172,-4.377399438,-5.471601709,-3.534891746,0.944005044,-1.346337026,-0.938348705,-4.420637103,-2.515953355,-3.491191931,-3.882084574,-3.990751706,-4.1022557,-4.129002187,-4.113481095,-4.179679051
Nepal,-0.778086593,-0.411366682,-2.576924504,-0.775233009,-0.824785793,-1.342186829,1.810077339,1.531010997,0.656744023,1.355412916,-1.386009574,-3.712025586,-3.22207732,-2.71388131,-2.813146351,-2.812448258,-2.713333443
Netherlands,0.222100835,0.229065199,-5.423923956,-4.971861184,-4.288793941,-3.883183191,-2.369505537,-2.254708842,-2.048687774,0.370848206,0.540999282,0.550457947,0.683739751,0.788495412,0.89362761,0.992808121,1.033800253
New Zealand,3.665242463,1.747920142,-1.222631445,-4.820135314,-4.514875204,-1.712258997,-0.754793156,-0.087309375,0.569272813,1.307607282,1.632700365,1.088442047,1.147107401,2.006669847,2.519359563,2.646124393,2.649212315
Nicaragua,1.47309101,-0.20145738,-1.205518369,0.104031053,0.149949057,-0.103563568,-0.65499238,-1.22121818,-1.379677395,-1.595419971,-1.682164798,-2.04387732,-2.092666956,-1.966510456,-2.134211207,-2.241837229,-2.360639345
Niger,-0.994996889,1.490482945,-5.31246767,-2.412620216,-1.479448863,-1.118034553,-2.559460388,-8.046523147,-9.050999519,-6.134300089,-5.148000237,-6.088584612,-5.766003446,-4.174906978,-2.797106267,-2.820685334,-2.775651609
Nigeria,-1.067352498,5.701408217,-5.364385412,-4.225845412,0.374468051,0.236872018,-2.334330956,-2.12878454,-3.467819639,-3.930891107,-5.751581597,-4.805327228,-4.606792078,-4.164127236,-4.324622802,-4.176604774,-4.199566452
Norway,16.97624782,18.43372838,10.31882224,10.8933474,13.17390586,13.52982119,10.52315017,8.531364244,5.8846798,3.90363887,4.85861711,3.679590883,3.775688502,3.99223926,3.987688888,3.992970021,4.125131907
Oman,12.03808874,16.79710238,-0.310171618,5.48133956,9.398069421,4.642708167,4.668397915,-1.079853429,-15.94670094,-21.29805129,-11.42752668,-5.663059033,-4.887269063,-5.481131871,-6.710587053,-7.068067982,-7.186600963
Pakistan,-5.116785172,-7.45379463,-5.047740832,-6.012626895,-6.729992274,-8.630878208,-8.368800612,-4.852154379,-5.253838203,-4.411591016,-5.666257031,-5.322028755,-5.678012635,-5.719386748,-5.726220157,-5.74161058,-5.734752788
Papua New Guinea,6.899410236,2.73417905,-5.482580071,3.062366984,2.215401029,-1.189952404,-6.869785461,-6.32142987,-3.982954062,-4.358789919,-2.942366258,-2.319359305,-2.14726138,-2.124587812,-2.124169491,-2.05892874,-2.019485335
Peru,3.348358349,2.683431155,-1.394129422,0.122864034,2.038361004,2.093908041,0.740401339,-0.26423105,-2.198411551,-2.335228503,-3.050280234,-3.328745848,-2.745697759,-1.774676779,-0.998971525,-0.955506378,-0.96131936
Philippines,-0.297553649,0.017178412,-2.685482142,-2.352753339,-0.317745862,-0.303798927,0.195731042,0.863874805,0.612733467,-0.371168511,-0.300291346,-0.450212931,-0.63784081,-0.730033361,-0.739883566,-0.779880228,-0.886809089
Poland,-1.852914682,-3.600140646,-7.252603104,-7.342155184,-4.82721766,-3.711763808,-4.112872538,-3.594627489,-2.639185609,-2.467937792,-1.744021,-1.887198426,-1.778098106,-1.485628155,-1.363842618,-1.261341105,-1.164042156
Portugal,-3.008760012,-3.765662396,-9.805519347,-11.17114684,-7.382845206,-5.65866578,-4.842424324,-7.165659516,-4.403431195,-1.975902725,-1.178902316,-1.011245607,-0.899726568,-0.815418058,-0.655897796,-0.627564794,-0.633021597
Qatar,10.53735659,9.939653291,14.89321154,6.741232716,7.52128147,11.23559377,22.73294217,15.26880938,5.319810606,-4.712424985,-1.645961764,2.812337088,7.543125701,6.813403409,5.49208402,5.136528869,5.002730973
Romania,-3.022921868,-4.620018444,-6.917379143,-6.348075567,-4.218403508,-2.481442968,-2.474254783,-1.869867496,-1.453881991,-2.400345497,-2.830845547,-3.62051233,-3.481096337,-3.388343901,-3.398946751,-3.291245667,-3.243615244
Russian Federation,5.569756773,4.53677223,-5.872450887,-3.184949411,1.427816684,0.382001434,-1.159822816,-1.067663753,-3.374248678,-3.657216549,-1.465117322,0.024324423,0.130452168,0.307627583,0.45209715,0.529489793,0.480629062
Rwanda,-1.654605592,0.879713786,0.273300622,-0.677202257,-0.912389838,-2.490956169,-1.302281287,-4.028087506,-2.762473402,-2.328615555,-2.548784262,-1.973372215,-2.011638396,-1.389714207,-0.816211868,-0.673494895,-0.496538826
Saudi Arabia,11.78360187,29.8019056,-5.383449023,4.403266503,11.55399966,11.9130843,5.638504695,-3.541991719,-15.83843916,-17.20348843,-8.969130981,-7.317477306,-5.575871914,-5.262913507,-4.965654551,-4.378397303,-3.987499528
Senegal,-3.465065773,-4.431395798,-4.611979847,-4.907199442,-6.094737999,-5.19487161,-5.514560188,-5.032375464,-4.788161821,-4.233037741,-4.497375852,-3.516675006,-2.958135071,-3.039927882,-3.015932616,-3.038850972,-2.991483911
Singapore,10.10898816,6.106149361,0.047585485,6.031969087,8.630506351,7.814014245,6.570346052,5.390891639,3.587674562,3.257217512,5.969488726,2.286295395,1.920261699,1.656227718,1.956391877,2.03108312,1.936732773
Slovak Republic,-1.948808876,-2.427742964,-7.804226606,-7.48492095,-4.276964116,-4.344901766,-2.719974976,-2.702269349,-2.737260509,-2.185846891,-1.648886841,-0.920352081,-0.374950589,-0.182385156,-0.161103806,-0.107707158,-0.107707158
Slovenia,0.257741026,-0.270167128,-5.420059696,-5.237371875,-5.499355995,-3.135336184,-13.76431908,-5.768221828,-3.317818,-1.733548089,-0.792538167,0.010863554,-0.295861908,-0.415500744,-0.627854967,-0.740118576,-0.835776478
South Africa,1.355834673,-0.535419895,-5.202269683,-5.026292372,-4.076713583,-4.425801046,-4.267668321,-4.263064189,-4.77205905,-4.059796086,-4.546596448,-4.22466963,-4.107764577,-4.052507177,-4.046969629,-4.076481224,-4.103237221
Spain,1.923747718,-4.420524536,-10.95350363,-9.381137626,-9.642122138,-10.46791977,-6.989128326,-5.968472375,-5.278157923,-4.506035643,-3.111316604,-2.509713383,-2.082877727,-2.08578137,-2.107419832,-2.144393514,-2.243848819
Sri Lanka,-6.003815506,-6.129922412,-8.608197091,-6.954132955,-6.235896799,-5.599382442,-5.185399481,-6.231145555,-7.012643393,-5.377839397,-5.519368137,-4.434269127,-3.45971781,-3.489311006,-3.499745256,-3.509492875,-3.458359686
Sudan,-2.841968725,0.476047436,-3.717771777,0.199073018,0.045277387,-3.090685769,-2.696527725,-1.271505422,-1.698162757,-1.596793494,-1.383944783,-3.08841271,-2.937423227,-2.895546202,-2.868685324,-3.080047732,-3.027790002
Sweden,3.354571492,1.900461064,-0.71682942,-0.032301191,-0.207188308,-0.981898611,-1.364966634,-1.560566343,0.157933836,1.199372866,1.186060227,1.135564525,0.712741226,0.607018712,0.466209329,0.388291801,0.324076197
Switzerland,1.604656332,1.93077219,0.503129325,0.356077151,0.734973969,0.382300469,-0.429122884,-0.214267841,0.647733505,0.059985477,0.035163895,0.442578136,0.412340624,0.343002572,0.293505597,0.293995957,0.312340624
Syria,,,,,,,,,,,,,,,,,
Tajikistan,-5.533871224,-5.061223837,-5.229057329,-2.97868327,-2.14166638,0.558722734,-0.810249723,-0.033192812,-1.874020601,-9.766188866,-2.424934099,-7.359232818,-5.396190153,-2.493146058,-2.514369888,-2.478776473,-2.473819623
Tanzania,-1.465244149,-1.947132258,-4.481764169,-4.768139924,-3.564483982,-4.11861792,-3.918438112,-3.016790332,-3.290123555,-2.175963822,-2.708632091,-4.396337463,-4.562041873,-4.10321335,-3.326791747,-2.639511359,-2.280323991
Thailand,0.2199444,0.80108428,-2.213976674,-1.284258656,-0.005696637,-0.94651714,0.51555978,-0.80109637,0.132347956,0.570247718,-0.613854912,-0.936196271,-0.889004125,-0.927017395,-1.049629302,-1.221622438,-1.296609299
Timor-Leste,,,,,,,,,,,,,,,,,
Turkey,-1.942352744,-2.661113543,-5.881245181,-3.422730139,-0.686805217,-1.831082915,-1.469313957,-1.429906465,-1.2651561,-2.328208454,-2.292133145,-2.930240195,-3.175315455,-2.76567642,-2.361343518,-2.271753633,-2.24478523
Turkmenistan,,,,,,,,,,,,,,,,,
Uganda,-1.05756149,-2.588189343,-2.088746281,-5.672106021,-2.661484587,-3.011655854,-3.996817664,-4.693357243,-4.553592181,-4.891732081,-3.19043026,-5.287130657,-6.471158256,-7.0412404,-2.813662943,-2.34007606,-1.70330349
Ukraine,-1.894987105,-3.023335972,-6.040717923,-5.772013794,-2.76155758,-4.307064511,-4.784336315,-4.459976275,-1.159825106,-2.225314261,-2.410954181,-2.496385056,-2.697464724,-2.397512179,-2.297476677,-2.298219821,-2.198399984
United Arab Emirates,17.12373086,17.63733374,-6.1266187,0.550608346,5.312063416,9.000075202,8.388065852,1.910746554,-3.365019627,-2.478071846,-1.79928745,-1.394957596,-0.831443794,-0.478053444,-0.134649878,0.265295691,0.709577386
United Kingdom,-2.635944461,-5.173081534,-10.12307,-9.417441991,-7.471765597,-7.623848448,-5.396067682,-5.442549027,-4.260572012,-2.963106711,-2.324759109,-1.810882648,-1.531619662,-1.292921741,-1.142646138,-0.747480972,-0.613922615
United States,-2.859785358,-6.680831874,-13.14963875,-10.92497862,-9.588923777,-7.883109206,-4.424245874,-4.047424774,-3.527523771,-4.191490219,-4.575433458,-5.282781305,-5.897693226,-5.548310261,-5.491304076,-5.436708866,-4.965475478
Uruguay,-0.04568042,-1.594118607,-1.649351056,-1.067718046,-0.903971981,-2.700702635,-2.322690613,-3.464164632,-3.57626566,-3.863412678,-3.513643397,-2.908863845,-2.502244094,-2.4643526,-2.5,-2.529402997,-2.541446026
Uzbekistan,4.454613772,7.25007146,2.264417796,3.299619052,7.446923634,8.12217545,2.633613752,2.964570642,0.447490747,0.394905888,-1.720306981,0.767802108,1.282694209,1.998311179,2.085252957,2.120843348,2.292395138
Venezuela,-2.815425963,-3.46101926,-8.685966478,-9.151903406,-10.63527346,-14.56535883,-14.08795918,-16.47806256,-17.5825848,-17.76316338,-31.8484055,-30.21509067,-30.89817054,-30.77818686,-30.12848849,-29.42106629,-30.33493952
Vietnam,-2.008485383,-0.488413974,-6.021018336,-2.75633583,-1.147351587,-6.856445726,-7.443987922,-6.289640728,-6.22231913,-6.254690222,-4.715490446,-4.695448559,-4.761298529,-4.700927667,-4.551463481,-4.520578022,-4.475128647
Yemen,-7.183132372,-4.531695393,-10.21097569,-4.058458583,-4.506747746,-6.31517652,-6.897118695,-4.136084107,-11.52906829,-17.534095,-8.51642943,-14.37422453,-8.862238124,-3.028598953,-1.908355976,-1.748227588,-0.886923798
Zambia,-1.036850222,-0.667891772,-2.057125339,-2.432209004,-1.783438537,-2.831718812,-6.151340335,-5.704814448,-9.338042777,-5.800811858,-7.266512066,-7.81849463,-7.358537736,-7.32885801,-6.532321977,-6.510132535,-6.025258715
Zimbabwe,-3.052623478,-2.084346079,-2.020174985,0.666751842,-0.544657441,0.026328887,-1.660872705,-1.376732045,-0.985415186,-8.441946965,-9.552660866,-3.123171118,-1.854799375,-1.796236256,-1.759417193,-1.542134294,-1.519625011
Advanced economies,-1.2447261,-3.559644479,-8.730660994,-7.680767598,-6.280648723,-5.45297327,-3.663942591,-3.133098704,-2.624337515,-2.643434091,-2.581037434,-2.659364187,-2.789663921,-2.445506721,-2.345608975,-2.250382005,-2.023157233
Emerging Market and Middle-Income Economies,0.872114471,0.799635247,-3.691144393,-2.160294669,-0.969030693,-0.990379521,-1.470653914,-2.405191906,-4.425801384,-4.784659981,-4.404658672,-4.158363065,-4.079191374,-3.969922062,-3.931701508,-3.879742291,-3.829435177
Emerging and Middle-Income Asia,-1.105553196,-1.674069923,-3.311474974,-2.165821916,-1.620082158,-1.608494477,-1.813092618,-1.891401435,-3.237690076,-3.873194945,-4.156732045,-4.237828682,-4.32695759,-4.315621631,-4.336784794,-4.343656025,-4.303223054
Emerging and Middle-Income Europe,1.326303771,0.540412474,-5.767836087,-3.699256871,-0.236275909,-0.714748748,-1.478546603,-1.415533306,-2.67740363,-2.953224295,-1.985164031,-1.405510687,-1.416453819,-1.176149976,-1.054526106,-0.999060123,-0.998463219
Emerging and Middle-Income Latin America,-1.124815241,-0.873534692,-3.849076129,-3.068973022,-2.790601825,-3.083424283,-3.25230927,-4.818841241,-7.227677048,-6.628295326,-6.186357465,-5.846577023,-5.574803639,-5.098360723,-4.882953161,-4.616510198,-4.441915691
Emerging and Middle-Income Middle East and North Africa and Pakistan,,,,,,,,,,,,,,,,,
Euro Area,-0.645176913,-2.158977114,-6.262043389,-6.176982898,-4.234239872,-3.639950162,-3.040890472,-2.56005613,-2.08067084,-1.541757897,-0.929407873,-0.648972124,-0.540841041,-0.188974534,-0.070785126,0.022015012,0.090183206
G-20,-1.478109571,-3.005971487,-7.947636589,-6.510451629,-5.047256406,-4.371081908,-3.252940091,-3.114753419,-3.434520535,-3.674094101,-3.593361993,-3.640926632,-3.760263471,-3.492474508,-3.428921234,-3.359371355,-3.181419598
Low-Income Developing Asia,-1.117550437,-1.03131411,-3.975855882,-2.261093371,-1.568928347,-2.979814024,-4.01629291,-3.704669966,-4.484936009,-4.268346948,-3.830993173,-4.329119516,-4.558750912,-4.370968307,-4.305699961,-4.290202254,-4.21017246
Low-Income Developing Countries,-1.274619236,1.223920216,-3.948407058,-2.788709211,-0.948213904,-1.698581127,-3.308538096,-3.170703259,-3.997994347,-4.207562573,-4.347365699,-4.183604817,-4.048566419,-3.730627146,-3.623547683,-3.536917851,-3.40884688
Low-Income Developing Latin America,-0.279714849,-0.861241006,-3.528021647,-2.257789486,-1.985105144,-2.791865496,-4.580644694,-3.158333364,-1.307057273,-0.706247816,-0.736775147,-1.501021597,-1.389143714,-1.356953133,-1.354239687,-1.355453376,-1.171239771
Low-Income Developing Oil Producers,-0.274031918,5.30701271,-4.467428215,-2.818583886,0.651085602,0.171847577,-2.501567015,-2.627069274,-4.233215029,-5.034760841,-5.536750549,-4.577476078,-4.284352846,-3.782934756,-3.911692541,-3.774756202,-3.805533711
Low-Income Developing Others,-2.155770997,0.685570293,-3.516244156,-0.271816168,0.792010495,-0.358009365,-1.83633269,-0.425457038,-2.768569328,-3.287639072,-2.431812412,-3.34599623,-2.393187086,-1.185625536,-0.887762277,-0.869772442,-0.642571183
Low-Income Developing Sub-Saharan Africa,-1.195585456,2.350573698,-4.047822539,-3.607667329,-0.98521565,-1.321120951,-3.199966193,-3.414406585,-4.086769723,-4.498802748,-5.155340471,-4.309780051,-4.030694717,-3.711933488,-3.582257331,-3.430587304,-3.276972933
Major advanced economies (G7),-2.224078158,-4.573604269,-9.90956086,-8.808138472,-7.405307276,-6.395824595,-4.280039326,-3.621413821,-3.01770602,-3.258716816,-3.356613053,-3.452632358,-3.657649756,-3.260176474,-3.158992928,-3.047148712,-2.741586963
